{"name":"build-javascript","namedChunkGroups":{"polyfill":{"name":"polyfill","assets":[{"name":"webpack-runtime-04b836112b75575bd3c4.js","size":5061},{"name":"polyfill-cfff8e00588a83f0825d.js","size":100006}],"filteredAssets":0,"assetsSize":105067,"filteredAuxiliaryAssets":2,"auxiliaryAssetsSize":298128},"app":{"name":"app","assets":[{"name":"webpack-runtime-04b836112b75575bd3c4.js","size":5061},{"name":"framework-3c8a6b7d1c07f16164a8.js","size":129754},{"name":"app-fe13f3eeaac8de1d4d74.js","size":124102}],"filteredAssets":0,"assetsSize":258917,"filteredAuxiliaryAssets":3,"auxiliaryAssetsSize":817702},"gatsby-plugin-image":{"name":"gatsby-plugin-image","assets":[{"name":"gatsby-plugin-image-217e3caf185651a28dfe.js","size":621}],"filteredAssets":0,"assetsSize":621,"filteredAuxiliaryAssets":0,"auxiliaryAssetsSize":0},"component---src-pages-404-js":{"name":"component---src-pages-404-js","assets":[{"name":"component---src-pages-404-js-6efd5645c9999e33ad59.js","size":816}],"filteredAssets":0,"assetsSize":816,"filteredAuxiliaryAssets":1,"auxiliaryAssetsSize":1995},"component---src-pages-index-js":{"name":"component---src-pages-index-js","assets":[{"name":"styles.80db3e2a0adc24f553b4.css","size":1563},{"name":"component---src-pages-index-js-1c083ac685e6bf31e2f9.js","size":17233}],"filteredAssets":0,"assetsSize":18796,"filteredAuxiliaryAssets":6,"auxiliaryAssetsSize":169333},"component---src-templates-blog-post-js":{"name":"component---src-templates-blog-post-js","assets":[{"name":"styles.80db3e2a0adc24f553b4.css","size":1563},{"name":"component---src-templates-blog-post-js-08c150a883911f382d5c.js","size":1704}],"filteredAssets":0,"assetsSize":3267,"filteredAuxiliaryAssets":6,"auxiliaryAssetsSize":103399}},"assetsByChunkName":{"polyfill":["webpack-runtime-04b836112b75575bd3c4.js","polyfill-cfff8e00588a83f0825d.js"],"app":["webpack-runtime-04b836112b75575bd3c4.js","framework-3c8a6b7d1c07f16164a8.js","app-fe13f3eeaac8de1d4d74.js"],"gatsby-plugin-image":["gatsby-plugin-image-217e3caf185651a28dfe.js"],"component---src-pages-404-js":["component---src-pages-404-js-6efd5645c9999e33ad59.js"],"component---src-pages-index-js":["styles.80db3e2a0adc24f553b4.css","component---src-pages-index-js-1c083ac685e6bf31e2f9.js"],"component---src-templates-blog-post-js":["styles.80db3e2a0adc24f553b4.css","component---src-templates-blog-post-js-08c150a883911f382d5c.js"]},"childAssetsByChunkName":{}}